{"X_mean": [-27.26796531677246, -24.233461380004883, -24.28755760192871, -26.359899520874023, -28.06248664855957, -29.335235595703125, -31.06023406982422, -33.11710739135742, -35.81436538696289, -38.14180374145508, -39.52359390258789, -40.994117736816406, -42.25284957885742, -42.99966049194336, -44.1829948425293, -44.842193603515625, -45.53556823730469, -46.020198822021484, -46.37174987792969, -46.70801544189453, -47.28572082519531, -47.94157409667969, -48.351051330566406, -48.16872024536133, -47.61988067626953, -47.9124755859375, -49.36776351928711, -50.74833679199219, -51.274261474609375, -51.51498794555664, -51.94404983520508, -52.921077728271484, -54.37196350097656, -55.91513442993164, -57.02839660644531, -57.775489807128906, -58.383419036865234, -58.677364349365234, -59.051856994628906, -62.87441635131836], "X_var": [159.55662536621094, 236.52525329589844, 304.0318908691406, 325.3459777832031, 328.45361328125, 336.4635009765625, 337.2759704589844, 326.6815185546875, 311.3497619628906, 295.6147766113281, 279.43841552734375, 265.1792297363281, 254.25376892089844, 245.93478393554688, 240.61512756347656, 235.69775390625, 230.05142211914062, 223.62930297851562, 218.4829864501953, 215.3956756591797, 212.49551391601562, 206.59400939941406, 198.91835021972656, 197.15924072265625, 200.3787384033203, 199.2998504638672, 192.89236450195312, 188.00961303710938, 189.07118225097656, 191.82769775390625, 187.3297576904297, 175.57302856445312, 165.315673828125, 157.6251678466797, 153.99151611328125, 154.1017303466797, 151.8638153076172, 146.96511840820312, 142.3035430908203, 135.99734497070312], "X_scale": [12.631572723388672, 15.379377365112305, 17.43651008605957, 18.037349700927734, 18.123289108276367, 18.342941284179688, 18.365074157714844, 18.07433319091797, 17.645105361938477, 17.193450927734375, 16.716411590576172, 16.284324645996094, 15.945337295532227, 15.682308197021484, 15.511774063110352, 15.35245132446289, 15.16744613647461, 14.954240798950195, 14.781169891357422, 14.676363945007324, 14.577225685119629, 14.37337875366211, 14.103841781616211, 14.041340827941895, 14.155519485473633, 14.11736011505127, 13.888568878173828, 13.71165943145752, 13.75031566619873, 13.850188255310059, 13.686845779418945, 13.250397682189941, 12.857514381408691, 12.554886817932129, 12.409332275390625, 12.413771629333496, 12.32330322265625, 12.122917175292969, 11.929104804992676, 11.661789894104004]}