{"Y_mean":[-6.1727895737,1.8676257133,0.4457686841,0.5661135912,0.1291380972,0.0880877078,-0.0459110141,-0.0735468566,-0.1137271076,0.0067011635,-0.0635358468,0.0671242774,-0.1060086638,0.1242133528,-0.0527056903,0.0359554477,-0.0746686012,0.0820156112,-0.1023681685,0.1023681536,-0.1156797186,0.1051291078,-0.0957957357,0.0869867727,-0.0850048214,0.0874730647,-0.0856276006,0.0793408304,-0.0690037981,0.0659958795,-0.0631385073,0.0603773557,-0.0578674935,0.0555399992,-0.0541920178,0.0531140491,-0.0506633297,0.0497630164,-0.0472547561,0.0464351363],"Y_var":[4.295586586,1.0981742144,0.2792460918,0.2719627321,0.1470222622,0.0917257965,0.0669335946,0.0594295599,0.0561301596,0.0539677851,0.0451373272,0.0363645181,0.0288995057,0.0311979763,0.0218725689,0.019083349,0.0175142512,0.0161061008,0.0143049313,0.0124688139,0.0127407182,0.010486736,0.0098762922,0.0088624042,0.0079335105,0.0076755709,0.0071805352,0.0065514832,0.0057946127,0.0053497003,0.004844028,0.0044283378,0.004037573,0.0038305402,0.003634271,0.0034494118,0.0032094617,0.0029487549,0.0027198356,0.0025121018],"Y_scale":[2.0725796223,1.0479381084,0.528437376,0.5215004683,0.3834348321,0.302862674,0.2587152719,0.2437817901,0.2369180471,0.2323096693,0.2124554664,0.1906948239,0.1699985415,0.1766294837,0.1478937715,0.1381424963,0.1323414147,0.1269098073,0.1196032241,0.1116638407,0.112874791,0.1024047658,0.0993795395,0.0941403434,0.0890702531,0.0876103342,0.0847380385,0.0809412301,0.076122351,0.0731416419,0.0695990548,0.0665457547,0.0635419041,0.0618913583,0.0602849163,0.0587316938,0.0566521101,0.0543024391,0.0521520413,0.0501208715]}