{"Y_mean": [-6.988854885101318, 1.7710872888565063, 0.36360278725624084, 0.5491548180580139, 0.10730361193418503, 0.15306615829467773, 0.01956106349825859, 0.03525794297456741, -0.15567608177661896, 0.03595461696386337, -0.15864601731300354, 0.047231338918209076, -0.1110725849866867, 0.10455740988254547, -0.08447390049695969, 0.10553675144910812, -0.09617569297552109, 0.09452913701534271, -0.08473817259073257, 0.07004059106111526, -0.07627060264348984, 0.07723622769117355, -0.08098235726356506, 0.0751323327422142, -0.07067384570837021, 0.07067080587148666, -0.0658210888504982, 0.06560713052749634, -0.058315787464380264, 0.059765808284282684, -0.05480722710490227, 0.053692448884248734, -0.05533545836806297, 0.04763241857290268, -0.04907515272498131, 0.044782862067222595, -0.04311941936612129, 0.041140634566545486, -0.03889356181025505, 0.03597433120012283], "Y_var": [4.974888324737549, 0.913899838924408, 0.2478598803281784, 0.22232338786125183, 0.1335824579000473, 0.08227235823869705, 0.06680207699537277, 0.05779889598488808, 0.04662837088108063, 0.04091527312994003, 0.04030325636267662, 0.033382005989551544, 0.03239784017205238, 0.02506202831864357, 0.021904831752181053, 0.01961580291390419, 0.017470672726631165, 0.0161032285541296, 0.014683883637189865, 0.012866928242146969, 0.012165840715169907, 0.011051815003156662, 0.010130592621862888, 0.008769192732870579, 0.007970278151333332, 0.007396101951599121, 0.006615898106247187, 0.006160153541713953, 0.0055479430593550205, 0.005240969359874725, 0.004784699529409409, 0.0044328137300908566, 0.004217567853629589, 0.0037683069240301847, 0.003606331069022417, 0.003324550809338689, 0.0030468665063381195, 0.0028687624726444483, 0.0026502858381718397, 0.0024109412916004658], "Y_scale": [2.2304458618164062, 0.9559810757637024, 0.4978552758693695, 0.4715118110179901, 0.36548933386802673, 0.2868315875530243, 0.25846096873283386, 0.24041400849819183, 0.21593603491783142, 0.20227523148059845, 0.2007567137479782, 0.18270742893218994, 0.17999400198459625, 0.1583099067211151, 0.14800281822681427, 0.14005643129348755, 0.13217666745185852, 0.12689849734306335, 0.121177077293396, 0.11343248188495636, 0.11029886454343796, 0.10512761026620865, 0.1006508469581604, 0.09364396333694458, 0.08927641063928604, 0.08600059151649475, 0.08133817464113235, 0.07848664373159409, 0.07448451220989227, 0.07239454239606857, 0.06917151808738708, 0.06657937914133072, 0.06494279950857162, 0.06138653680682182, 0.06005273759365082, 0.05765891820192337, 0.05519842728972435, 0.053560830652713776, 0.05148092657327652, 0.0491013377904892]}